unit,ring,lon,lat
Austria,1,10.454786786565226,47.55640583665215
Austria,1,10.473521282876352,47.57070100978728
Austria,1,10.48237180220646,47.58509621849404
Austria,1,10.47002916018243,47.58774162291672
Austria,1,10.433300274243205,47.58218734279938
Austria,1,10.433926475986611,47.57337854194141
Austria,1,10.43664070194397,47.568306482095366
Austria,1,10.454786786565226,47.55640583665215
Austria,2,10.454786786565226,47.55640583665215
Austria,2,10.442500430322852,47.519394051345095
Austria,2,10.442843810016816,47.485299603378294
Austria,2,10.457872865599008,47.48317169332029
Austria,2,10.468324453524742,47.47770999215866
Austria,2,10.465809695255256,47.464469578237036
Austria,2,10.4706555171433,47.449051154192645
Austria,2,10.472360387323901,47.441348884379764
Austria,2,10.471602001990622,47.43251209556577
Austria,2,10.456533429531289,47.41981089542996
Austria,2,10.436498048342791,47.41159833535599
Austria,2,10.434671468816218,47.40057809663365
Austria,2,10.437102977941802,47.38095220117576
Austria,2,10.417000923677582,47.38064749280292
Austria,2,10.395101029896633,47.37621298206755
Austria,2,10.386007554742871,47.362378253904936
Austria,2,10.377844829242495,47.35310103491236
Austria,2,10.356977800648759,47.33397766855456
Austria,2,10.348955874286284,47.317836781796444
Austria,2,10.339690917388369,47.311120418414525
Austria,2,10.324114326867981,47.306223872223335
Austria,2,10.295974379969275,47.30048942553109
Austria,2,10.28197877318176,47.28831695293025
Austria,2,10.261829609120127,47.28484819773148
Austria,2,10.245894921941723,47.2809653865645
Austria,2,10.222743451463337,47.276419989276334
Austria,2,10.195320759186286,47.273709874179524
Austria,2,10.175500857045694,47.276352248179684
Austria,2,10.175174622891396,47.28984035428131
Austria,2,10.189968262287003,47.29453776633118
Austria,2,10.211067886839738,47.30687796236181
Austria,2,10.211418606602516,47.31960002711618
Austria,2,10.207920317493612,47.33554699438183
Austria,2,10.217301340728456,47.35494830492006
Austria,2,10.237479498061504,47.37415978506662
Austria,2,10.227386234299823,47.389517470124936
Austria,2,10.208607413295475,47.38355748296417
Austria,2,10.187565889668285,47.39058248271548
Austria,2,10.176845434423916,47.38586313055124
Austria,2,10.166182325961131,47.369470813586624
Austria,2,10.100137537840299,47.35535651881757
Austria,2,10.081966818991402,47.40198791696654
Austria,2,10.069434555346517,47.410757751517586
Austria,2,10.085745790572684,47.41511990757145
Austria,2,10.096166028150604,47.42280450039275
Austria,2,10.093353177129899,47.44798342082781
Austria,2,10.089841815189093,47.46101952949525
Austria,2,10.080883237597442,47.45597097520048
Austria,2,10.06498221923997,47.46424477559999
Austria,2,10.054402426350203,47.47653770460988
Austria,2,10.045032415795715,47.48824770845186
Austria,2,10.016668128564078,47.48543973066465
Austria,2,9.995356402089408,47.48686942951418
Austria,2,9.989876271876026,47.50635815223433
Austria,2,9.97838346492036,47.51415183899099
Austria,2,9.965534356633198,47.52152083915215
Austria,2,9.965558615852256,47.530741611084004
Austria,2,9.96741618199448,47.541955301313834
Austria,2,9.968331524195646,47.546962464938545
Austria,2,9.960832367543095,47.54208972634481
Austria,2,9.959214142710684,47.53514936594074
Austria,2,9.922185029016271,47.53026473061662
Austria,2,9.899591518892834,47.54538337690284
Austria,2,9.875376116620378,47.543866718941196
Austria,2,9.874153616137452,47.53420478447567
Austria,2,9.868771043836913,47.53266828917789
Austria,2,9.849453812503944,47.54260878919186
Austria,2,9.828399296972451,47.547271976955024
Austria,2,9.821356512216168,47.55562908531111
Austria,2,9.826084592320296,47.574421065345085
Austria,2,9.824092345121333,47.58774910368161
Austria,2,9.802604485462178,47.5965610655576
Austria,2,9.784430706577021,47.59539547904361
Austria,2,9.769620988653113,47.58802223185191
Austria,2,9.76367675472698,47.58707053446842
Austria,2,9.75662190075515,47.580354476425256
Austria,2,9.752327716112541,47.56812652996981
Austria,2,9.743666022991881,47.559397464493884
Austria,2,9.735480370979358,47.547317374983265
Austria,2,9.563217246679892,47.4954167457007
Austria,2,9.603569489630921,47.462861282962365
Austria,2,9.622557422618877,47.45810422108703
Austria,2,9.658236107615725,47.4484076986225
Austria,2,9.650585317995791,47.42149558673744
Austria,2,9.66033520728813,47.39815826115444
Austria,2,9.673389248843419,47.381675580515505
Austria,2,9.635615205864188,47.36797903034184
Austria,2,9.605298708436504,47.35189910488773
Austria,2,9.581774143930835,47.31172749971053
Austria,2,9.530952372466013,47.27118170195607
Austria,2,9.559705763126592,47.25106460922399
Austria,2,9.555643419832212,47.2243867807131
Austria,2,9.5687650959318,47.220383585949854
Austria,2,9.585102495919966,47.20593833463294
Austria,2,9.57333955225661,47.17617730774652
Austria,2,9.572963594118255,47.17012934886006
Austria,2,9.601125096327843,47.15940708511409
Austria,2,9.61418501238253,47.14811619630574
Austria,2,9.626066776422947,47.14647157852881
Austria,2,9.62493386988464,47.13320860892773
Austria,2,9.624858433551612,47.11514358178052
Austria,2,9.628705546369561,47.108125568776885
Austria,2,9.63591689819375,47.096817038455825
Austria,2,9.61889257006935,47.0787200349218
Austria,2,9.613649048445913,47.070068757514356
Austria,2,9.607280034709403,47.06134874192372
Austria,2,9.632900898665753,47.05182738836429
Austria,2,9.658447103088806,47.05875792453376
Austria,2,9.688427330703892,47.055801279543175
Austria,2,9.708815722561619,47.05223890752311
Austria,2,9.718450409956658,47.0439479386682
Austria,2,9.748320475452422,47.03749522463454
Austria,2,9.78516167740487,47.0390574138585
Austria,2,9.807814521965772,47.02413283986217
Austria,2,9.833788786085535,47.015087035842534
Austria,2,9.838395578969896,47.01351804583644
Austria,2,9.85721254412148,47.01937093798604
Austria,2,9.880607908836213,47.0177918122676
Austria,2,9.873512898434242,47.00691541878383
Austria,2,9.892562244786278,46.99092375755606
Austria,2,9.884805712982386,46.98141181059344
Austria,2,9.870985395850257,46.963771540823096
Austria,2,9.875132014499172,46.9509511796939
Austria,2,9.880960244570423,46.940671100405545
Austria,2,9.884660877058815,46.933576525048395
Austria,2,9.906577091164026,46.92585791244653
Austria,2,9.937485059087612,46.91386621008671
Austria,2,9.963374395811615,46.91295177707846
Austria,2,9.982047322935175,46.912472525349465
Austria,2,9.990375603983543,46.902960679470546
Austria,2,10.018087687902025,46.902166348006375
Austria,2,10.03244549451494,46.88854511422819
Austria,2,10.052204912710433,46.877290962435715
Austria,2,10.07520564145079,46.86248689082914
Austria,2,10.092930935075922,46.858593612408065
Austria,2,10.105716073586256,46.84139674624302
Austria,2,10.123365041217944,46.84902624685477
Austria,2,10.15486654353692,46.850862063395844
Austria,2,10.16934869673928,46.8512005793721
Austria,2,10.183784275784307,46.85954813739706
Austria,2,10.199304262735124,46.86716930905415
Austria,2,10.232961860033576,46.86683410591415
Austria,2,10.232250910294555,46.876333472148126
Austria,2,10.226014620897834,46.8964846612857
Austria,2,10.242311916954078,46.919375154415924
Austria,2,10.291335460455112,46.92380578996213
Austria,2,10.316360458097185,46.925723226754414
Austria,2,10.30888327613928,46.94399168771243
Austria,2,10.324849984957284,46.95272754676275
Austria,2,10.334824560490347,46.97306742714577
Austria,2,10.345094077540692,46.9836148843757
Austria,2,10.372359499667128,46.99121853696657
Austria,2,10.399022651680003,46.997427474726805
Austria,2,10.420808771232966,46.98053254432627
Austria,2,10.423272436980453,46.96612175892779
Austria,2,10.429240364030923,46.956623730181256
Austria,2,10.449467202388579,46.952857976249575
Austria,2,10.469137466744382,46.9476380310476
Austria,2,10.485610988096246,46.93198467188377
Austria,2,10.486532653574379,46.915994509765085
Austria,2,10.475494836938411,46.90167158645504
Austria,2,10.46954119222406,46.88163542080751
Austria,2,10.469962672269636,46.855441237527565
Austria,2,10.48144156262387,46.85584160508391
Austria,2,10.491395171860031,46.85277203671639
Austria,2,10.496674309893404,46.8506213214625
Austria,2,10.50529686522349,46.84882416447948
Austria,2,10.556688928648533,46.84739675772379
Austria,2,10.570561858580207,46.84282192250669
Austria,2,10.590461663396498,46.85084625604986
Austria,2,10.625145168939351,46.86506045596876
Austria,2,10.662936164124202,46.87478445565426
Austria,2,10.678445212976909,46.8712713383503
Austria,2,10.69709301424031,46.863142803083534
Austria,2,10.700831567333655,46.85100499007858
Austria,2,10.716180579509402,46.8436194488931
Austria,2,10.73715793653225,46.834947742322
Austria,2,10.763856102540908,46.82397824966666
Austria,2,10.751663758295463,46.81559297489775
Austria,2,10.726426038034713,46.79836672789058
Austria,2,10.75108944588719,46.787999870050044
Austria,2,10.762603259278675,46.7880068448424
Austria,2,10.786666049637603,46.796816584176575
Austria,2,10.814442780239768,46.77563410162899
Austria,2,10.83241482091209,46.78094532200687
Austria,2,10.84636515204737,46.778862323195554
Austria,2,10.868900110974069,46.76631982463503
Austria,2,10.890696055704158,46.764803560329725
Austria,2,10.91570664911715,46.774429729887686
Austria,2,10.944097615812797,46.77590642640756
Austria,2,10.981645904336958,46.770085732027916
Austria,2,10.993492170016106,46.7675125286944
Austria,2,11.022617219172329,46.76591719914074
Austria,2,11.033800206742068,46.78510572758521
Austria,2,11.039642880160978,46.80553423936875
Austria,2,11.060805394504868,46.81324452415281
Austria,2,11.083705706328121,46.82278677169475
Austria,2,11.075223009699847,46.84391984334359
Austria,2,11.07887468728703,46.860119285851475
Austria,2,11.10199884555381,46.89015515800845
Austria,2,11.095367385786481,46.908012663500315
Austria,2,11.109668493458178,46.91650432389867
Austria,2,11.1153229002269,46.93190375012078
Austria,2,11.134120288076279,46.929143239196314
Austria,2,11.164537115392235,46.940451398169664
Austria,2,11.166278854957952,46.95580030984296
Austria,2,11.176875618911707,46.96314558334482
Austria,2,11.192690421914786,46.969339252938994
Austria,2,11.207436369258433,46.96299899636164
Austria,2,11.249707314500217,46.97469818968745
Austria,2,11.263952417858844,46.981285615488
Austria,2,11.285551794058424,46.98370950428384
Austria,2,11.302259289655444,46.98360619546066
Austria,2,11.329152945162178,46.98905773944679
Austria,2,11.341274296536122,46.98573264238722
Austria,2,11.359097599257767,46.991072290587894
Austria,2,11.37630864965842,46.97998946592606
Austria,2,11.393274189786943,46.969979559045505
Austria,2,11.410294505623419,46.967500713893926
Austria,2,11.42670313998471,46.96966160912731
Austria,2,11.453056728349246,46.9928276906648
Austria,2,11.470306213630408,46.995738393015905
Austria,2,11.479222278133452,47.01149476237097
Austria,2,11.508095953380327,47.00774489101757
Austria,2,11.516004588727268,47.00313375092096
Austria,2,11.53407096490839,46.98736832655256
Austria,2,11.56193396695582,46.9910186754961
Austria,2,11.581668732330774,47.002573735886905
Austria,2,11.61028543135655,47.01152893692474
Austria,2,11.627675188714623,47.01381147443583
Austria,2,11.665155646625143,46.992252580120415
Austria,2,11.689102781322887,46.996012947842146
Austria,2,11.718638955445533,46.98435898710679
Austria,2,11.747511492218917,46.969373752392684
Austria,2,11.772528028384404,46.98489526809034
Austria,2,11.78990032948376,46.99063387864342
Austria,2,11.828021791962376,46.99368303449949
Austria,2,11.845481639476674,47.002174978070265
Austria,2,11.86849444707213,47.012087684149655
Austria,2,11.893209926088636,47.016869202418725
Austria,2,11.917198116916264,47.03368066984394
Austria,2,11.947707971850903,47.033968744499
Austria,2,11.968988644953415,47.04103557264466
Austria,2,11.986676470688852,47.0475321791205
Austria,2,12.03156351278131,47.05113490282538
Austria,2,12.056656906226738,47.061610125295324
Austria,2,12.077200578787528,47.05938961554983
Austria,2,12.094366442629743,47.07745910993084
Austria,2,12.130885840883527,47.078409522282655
Austria,2,12.152095618761706,47.07978338002685
Austria,2,12.178229868642266,47.08848837714839
Austria,2,12.201420327484367,47.087828437573364
Austria,2,12.227513625969534,47.082615917089925
Austria,2,12.237436240955432,47.06574720775224
Austria,2,12.213039170898092,47.04267144186831
Austria,2,12.18078046174568,47.02599460902353
Austria,2,12.164912463941098,47.01939267044617
Austria,2,12.142426208326187,47.02263191223046
Austria,2,12.12188258681431,47.00750104565782
Austria,2,12.131187107590586,46.993725189815926
Austria,2,12.12804918783177,46.98600808108945
Austria,2,12.137131248685003,46.965984620945996
Austria,2,12.138531602165658,46.95699259731026
Austria,2,12.168371523819314,46.93374053087163
Austria,2,12.144349438083655,46.91426658882174
Austria,2,12.170273423535956,46.91062027785521
Austria,2,12.19089295020011,46.90659824651301
Austria,2,12.194957220594647,46.90092144504602
Austria,2,12.201993137597036,46.88994397332072
Austria,2,12.215958685770854,46.87448118583137
Austria,2,12.228404571171021,46.8791066285369
Austria,2,12.236465952555136,46.88918939401293
Austria,2,12.257448905748682,46.88864254956853
Austria,2,12.27417200861351,46.88492067851289
Austria,2,12.281471565952113,46.869619692233535
Austria,2,12.292584014510588,46.85026277000062
Austria,2,12.303728885183688,46.843529640564576
Austria,2,12.306455054017057,46.833709387624566
Austria,2,12.292807792648855,46.80310315802913
Austria,2,12.280785143332078,46.79240702895612
Austria,2,12.304685089779738,46.78335083564229
Austria,2,12.34315717745455,46.77660400063188
Austria,2,12.359658599982627,46.773792901055664
Austria,2,12.369715593767015,46.740848609215796
Austria,2,12.376294864581935,46.732896705665325
Austria,2,12.387290006738846,46.71704305594355
Austria,2,12.402647158297176,46.70756799198704
Austria,2,12.414395379695089,46.701279244430374
Austria,2,12.434712837784335,46.6939106425702
Austria,2,12.453824552534742,46.69004621064502
Austria,2,12.474890984015154,46.68703722371611
Austria,2,12.497719304265411,46.67876269997369
Austria,2,12.505858367219185,46.68014490939987
Austria,2,12.52875054499477,46.67455320055766
Austria,2,12.547757856055618,46.659702643372576
Austria,2,12.57064834188698,46.651898393842444
Austria,2,12.613440001649625,46.65871265670974
Austria,2,12.634215195892935,46.65543147471425
Austria,2,12.658479252738342,46.657695178455164
Austria,2,12.691232045916587,46.65741089500901
Austria,2,12.722203945047898,46.642114559564305
Austria,2,12.731990206130467,46.63472689543504
Austria,2,12.745701192488207,46.63824066295098
Austria,2,12.763195454749082,46.648385653818785
Austria,2,12.796012647195836,46.642844504143106
Austria,2,12.809668785577845,46.63153416720447
Austria,2,12.819594221099747,46.628610895429325
Austria,2,12.837895143028948,46.62768441915177
Austria,2,12.84321127619878,46.606777619394485
Austria,2,12.866057268538887,46.6103270936171
Austria,2,12.888693954170115,46.60707198334835
Austria,2,12.910666467335744,46.61010059605376
Austria,2,12.933664994304067,46.61036039680409
Austria,2,12.957172500458272,46.606924422788275
Austria,2,12.978240101921264,46.6011046923659
Austria,2,12.999784288156443,46.602896109797676
Austria,2,13.021248376407149,46.60096981877548
Austria,2,13.033216720839562,46.5964379390978
Austria,2,13.056700194936118,46.59801993233095
Austria,2,13.079594047239924,46.599566289529385
Austria,2,13.08621318609708,46.602201007214425
Austria,2,13.10657359912776,46.594794447346835
Austria,2,13.138331348187908,46.59169780278434
Austria,2,13.153859506928754,46.589200328603106
Austria,2,13.177722320106513,46.58212589263347
Austria,2,13.197935900622127,46.57179471037747
Austria,2,13.218010531379145,46.57090649663461
Austria,2,13.233032041060643,46.55936733900425
Austria,2,13.24185215304911,46.55591183819403
Austria,2,13.253234185304773,46.560854525248516
Austria,2,13.285956536715863,46.55749299454813
Austria,2,13.307827124407934,46.555008638168246
Austria,2,13.321244485764401,46.551635934770836
Austria,2,13.336092929008467,46.56384627985881
Austria,2,13.345398563504135,46.570405822880815
Austria,2,13.371169373631295,46.56739741340243
Austria,2,13.389259928513741,46.57707843210625
Austria,2,13.408185675407566,46.561897126635316
Austria,2,13.44673782095845,46.556913350698224
Austria,2,13.479084343777838,46.561101280729105
Austria,2,13.506085807628038,46.55632531114224
Austria,2,13.520584346968603,46.54730237904556
Austria,2,13.558216143736336,46.55165080147205
Austria,2,13.56999206051898,46.54007980708816
Austria,2,13.58363618794278,46.54008351478752
Austria,2,13.598090600067051,46.54608483204056
Austria,2,13.623624469702769,46.542539378365085
Austria,2,13.647198234271213,46.533445222508725
Austria,2,13.66743066051109,46.52717653690968
Austria,2,13.69184859199004,46.52139208173097
Austria,2,13.714410495683929,46.523384928592826
Austria,2,13.738117093831695,46.51746493181652
Austria,2,13.778782722721827,46.51777849020232
Austria,2,13.795181608953614,46.50572689992908
Austria,2,13.818053064087369,46.51049377326791
Austria,2,13.827822039863161,46.51397849623114
Austria,2,13.856021855307523,46.514249336971496
Austria,2,13.87953489738022,46.51951398556636
Austria,2,13.912796675708387,46.52151327810169
Austria,2,13.943702827670378,46.511860023901626
Austria,2,13.989514212060348,46.49327548370228
Austria,2,14.007255941048566,46.48173649472247
Austria,2,14.031808319523279,46.48723158076289
Austria,2,14.071251408678338,46.4875813980742
Austria,2,14.106438014926173,46.48030016132686
Austria,2,14.125176832847313,46.472380525693566
Austria,2,14.135976625497346,46.458944173660555
Austria,2,14.152073526528149,46.44338042690414
Austria,2,14.17726359329693,46.43432484944509
Austria,2,14.191883617995545,46.44429458327341
Austria,2,14.213284495717046,46.44028055789358
Austria,2,14.224511187817809,46.44092581743689
Austria,2,14.24928556290502,46.43483138991866
Austria,2,14.272616206652629,46.44207534692269
Austria,2,14.30894981533986,46.43098891474423
Austria,2,14.344884652828046,46.437721903122416
Austria,2,14.38293193126544,46.439485977581604
Austria,2,14.424345356621426,46.445720896175445
Austria,2,14.439187566632373,46.44325842437882
Austria,2,14.430957193121529,46.43645463914767
Austria,2,14.443450051194018,46.42341728644251
Austria,2,14.458678537184515,46.42142293987636
Austria,2,14.479635763417669,46.41384780152876
Austria,2,14.498368693954308,46.41921585714416
Austria,2,14.522592099647285,46.42761449119729
Austria,2,14.536980569377524,46.41460130930995
Austria,2,14.551508030087529,46.39641635030258
Austria,2,14.564897309487254,46.37265202343992
Austria,2,14.58249360445367,46.381959087164624
Austria,2,14.588425245678705,46.39630437332531
Austria,2,14.589487105803887,46.41473708477478
Austria,2,14.587263641534005,46.43010043032819
Austria,2,14.605542445867503,46.43729564479494
Austria,2,14.623025844536668,46.43904597536887
Austria,2,14.653226965077504,46.445342358148515
Austria,2,14.675643963781566,46.45103168956673
Austria,2,14.679484485485522,46.463065846734885
Austria,2,14.70024601017612,46.46403930629813
Austria,2,14.698425202311382,46.47482792787388
Austria,2,14.712578475644838,46.48973358375411
Austria,2,14.722723097515674,46.49858053541243
Austria,2,14.738545561355929,46.503464453587334
Austria,2,14.749205294680001,46.49795694039605
Austria,2,14.780655464199485,46.500762968821114
Austria,2,14.80688807871591,46.50793604739527
Austria,2,14.818453136257856,46.522309639974125
Austria,2,14.823549466755388,46.53268112092882
Austria,2,14.828601082569126,46.54261955680231
Austria,2,14.826408093780815,46.546107662657995
Austria,2,14.832850140774985,46.5515338009799
Austria,2,14.83538980997295,46.563579529830875
Austria,2,14.838791695408144,46.56835819532688
Austria,2,14.852922165900207,46.58099917666211
Austria,2,14.862370814929646,46.59426149977413
Austria,2,14.867441713198707,46.60367407563581
Austria,2,14.880552716740615,46.61161247179133
Austria,2,14.901813905226986,46.61238589229516
Austria,2,14.905374092625289,46.605234086250036
Austria,2,14.920453214724152,46.60243804161911
Austria,2,14.923527663886214,46.61136038070938
Austria,2,14.929181544229854,46.61954877194236
Austria,2,14.940828622773672,46.61994178296859
Austria,2,14.968005732333527,46.62815870205516
Austria,2,14.980276965837557,46.60175709796794
Austria,2,14.99589718206488,46.614232800487976
Austria,2,15.012638518961946,46.63507588306308
Austria,2,15.034934589887007,46.64929319188907
Austria,2,15.071567591051252,46.65026131605985
Austria,2,15.089969662148917,46.65175789255832
Austria,2,15.101317794937795,46.65641255009516
Austria,2,15.115613413855602,46.656330429876206
Austria,2,15.122253113553006,46.6548792772722
Austria,2,15.129495671239798,46.65036796368582
Austria,2,15.138784422320587,46.65812513804629
Austria,2,15.15356280454392,46.65859787762939
Austria,2,15.167995839698278,46.65442931038693
Austria,2,15.192870938495362,46.648965744151205
Austria,2,15.219071091301833,46.64255520876939
Austria,2,15.263483909435294,46.645069477511804
Austria,2,15.30206548514452,46.65357891754016
Austria,2,15.328957945668781,46.6535597754562
Austria,2,15.345167349959834,46.651194689037226
Austria,2,15.356689417095152,46.651800866140846
Austria,2,15.376874354653573,46.65223751763022
Austria,2,15.395312437584526,46.65225441165093
Austria,2,15.424298128291609,46.653039799132536
Austria,2,15.43464074571112,46.64277484179808
Austria,2,15.457837176998497,46.63932170510488
Austria,2,15.463118181175933,46.62628927373808
Austria,2,15.475728173246994,46.61238930280794
Austria,2,15.489171913127239,46.62106228104777
Austria,2,15.505402841015224,46.61631514145902
Austria,2,15.512783614720902,46.622152373834105
Austria,2,15.53810189299043,46.63425777756685
Austria,2,15.546574625061462,46.63349701780075
Austria,2,15.55208825849536,46.64061158588058
Austria,2,15.547792106631315,46.64908628407605
Austria,2,15.549497490727235,46.659200355359445
Austria,2,15.54781038187262,46.66723151958045
Austria,2,15.55201957796892,46.67293971119312
Austria,2,15.56019124677598,46.67144796208313
Austria,2,15.569112679357003,46.68065406084604
Austria,2,15.583326562761796,46.68229950737799
Austria,2,15.590923257096376,46.68643445633393
Austria,2,15.606045970474492,46.68699068062369
Austria,2,15.620888173843726,46.6801680167725
Austria,2,15.633173332851811,46.68493086669979
Austria,2,15.644276406515322,46.690513336118
Austria,2,15.650983484407629,46.7061068151897
Austria,2,15.722578566672192,46.696172102202006
Austria,2,15.769488012602512,46.699359276155974
Austria,2,15.840729353279718,46.722726930330296
Austria,2,15.912723679221761,46.710396058347854
Austria,2,15.999418079713184,46.6809114765349
Austria,2,16.011862668858196,46.665218644684316
Austria,2,16.0418248335912,46.66887221103905
Austria,2,16.037623746040786,46.69546011236369
Austria,2,16.02834788316231,46.705973002182134
Austria,2,16.01546265972616,46.71720378973764
Austria,2,16.00464648751653,46.7174927036918
Austria,2,15.994348711441825,46.73152796996687
Austria,2,15.989270548551053,46.7617603976458
Austria,2,15.995096820999565,46.7938322242545
Austria,2,15.992277683910538,46.81841737418712
Austria,2,15.990690360104894,46.82982311176909
Austria,2,16.002550687301966,46.83187770311691
Austria,2,16.019384623243717,46.83668297031858
Austria,2,16.03344700228365,46.83304976866633
Austria,2,16.044030417320165,46.84111685054722
Austria,2,16.059454558340725,46.83900671690222
Austria,2,16.07253262785905,46.85342595379284
Austria,2,16.097101017838444,46.8644336669164
Austria,2,16.114935626217168,46.86941322469581
Austria,2,16.134029916491727,46.87595981690259
Austria,2,16.149788280647645,46.893414807784104
Austria,2,16.159561126733145,46.89764061547211
Austria,2,16.175052088535573,46.90626977838585
Austria,2,16.188772067853943,46.92265895633559
Austria,2,16.207014326347267,46.942905700957816
Austria,2,16.211119245857006,46.942858067627114
Austria,2,16.216996302494724,46.93947817542223
Austria,2,16.223140722121492,46.93595321739083
Austria,2,16.229470914243738,46.94352346650935
Austria,2,16.238720924149185,46.94729470896667
Austria,2,16.248149152516405,46.94943890141003
Austria,2,16.25641744878831,46.96456842300555
Austria,2,16.27753291849945,46.96299597479277
Austria,2,16.282986058218565,46.99968555060055
Austria,2,16.29369199779442,47.014317874767706
Austria,2,16.304473536199872,46.99863890043697
Austria,2,16.346493228021284,47.002541800589924
Austria,2,16.36074225877753,47.0059194057972
Austria,2,16.373974751730895,46.998759922011445
Austria,2,16.394578807028793,47.00368470580304
Austria,2,16.42098228834187,46.99661876993246
Austria,2,16.446602658854353,46.99356422045268
Austria,2,16.457506603222274,47.001449310664256
Austria,2,16.46483243370836,46.99743234667876
Austria,2,16.480348992280934,46.99417431324947
Austria,2,16.498143144865473,46.998555964038
Austria,2,16.506783549968358,47.00067835542421
Austria,2,16.51346160921395,47.001923461294254
Austria,2,16.49766706658113,47.01045524906335
Austria,2,16.48331542392932,47.02303185702595
Austria,2,16.471638829785263,47.0284036617615
Austria,2,16.44001352391681,47.030074333558765
Austria,2,16.445826119633885,47.038971600260425
Austria,2,16.46980578499413,47.0436128066069
Austria,2,16.494706666171034,47.04945892951498
Austria,2,16.507804036224815,47.04991444954721
Austria,2,16.511199255278456,47.0666388826139
Austria,2,16.483877412605292,47.072425549203885
Austria,2,16.471976132800062,47.078569586024194
Austria,2,16.46956362925351,47.090070050773775
Austria,2,16.46749461492198,47.09611674403628
Austria,2,16.472861501712615,47.102429224483
Austria,2,16.485901458835944,47.10298096658519
Austria,2,16.50101280491311,47.123784313485224
Austria,2,16.52770923316443,47.13725362127685
Austria,2,16.491607738642614,47.14923754783981
Austria,2,16.453742635136432,47.145615599375276
Austria,2,16.453055291584114,47.15378948881959
Austria,2,16.461752649327686,47.1594579384688
Austria,2,16.46176361578782,47.167238044961444
Austria,2,16.458498251811708,47.17715163496299
Austria,2,16.4518795268188,47.18867133871614
Austria,2,16.42062750479141,47.19530526015723
Austria,2,16.42008228124796,47.211004336914954
Austria,2,16.42959638432387,47.210517980597956
Austria,2,16.44045511594802,47.21826941029099
Austria,2,16.442357431365497,47.230794744561116
Austria,2,16.442914486708393,47.24898524088856
Austria,2,16.449822287035822,47.25085557593689
Austria,2,16.462221664658678,47.25640996528621
Austria,2,16.479438653500164,47.26351413333203
Austria,2,16.48484611298323,47.278256899274616
Austria,2,16.482924492148072,47.29812674334565
Austria,2,16.46966480687873,47.32562671406753
Austria,2,16.45858381585246,47.339561656627154
Austria,2,16.434866978026157,47.35322797917679
Austria,2,16.453486326968818,47.35749782373462
Austria,2,16.45801567117127,47.37141997435586
Austria,2,16.456251252272367,47.38409575102954
Austria,2,16.450645317936686,47.39508979233396
Austria,2,16.465558654062182,47.4131643980198
Austria,2,16.488316276312535,47.406554132571216
Austria,2,16.485001910975786,47.39834419737807
Austria,2,16.48998136372704,47.39489175517905
Austria,2,16.497733940172594,47.389440746738764
Austria,2,16.509024758462317,47.40542645181162
Austria,2,16.52618605169777,47.41078233568596
Austria,2,16.53673257895446,47.409512740708195
Austria,2,16.560729791087557,47.40738491782853
Austria,2,16.57628184295059,47.41275276449487
Austria,2,16.58044739282822,47.41827260135866
Austria,2,16.589654059959503,47.421205436451274
Austria,2,16.589069046256313,47.423182787095996
Austria,2,16.607484541459833,47.42737414854048
Austria,2,16.613648933602907,47.43049624543808
Austria,2,16.628719128924338,47.44250868441805
Austria,2,16.6527850967864,47.44934585201928
Austria,2,16.661113149631305,47.462217978278694
Austria,2,16.663484640743615,47.48370326055666
Austria,2,16.670132468780515,47.503951392911056
Austria,2,16.70669545475401,47.52332550375275
Austria,2,16.712434114745616,47.543499079151786
Austria,2,16.699364697413593,47.54605339039354
Austria,2,16.690090472317646,47.55990274880678
Austria,2,16.66575054429535,47.56667845099849
Austria,2,16.672471211786068,47.57558408063979
Austria,2,16.667588985153262,47.59673809029645
Austria,2,16.66073717494108,47.60652766965584
Austria,2,16.594460581498996,47.618274255101554
Austria,2,16.53000559113885,47.64189747568058
Austria,2,16.507673361410703,47.63883133069261
Austria,2,16.49380798133987,47.642685482241106
Austria,2,16.463824807323498,47.65173215096711
Austria,2,16.425915761400656,47.66282573930977
Austria,2,16.444481601625764,47.67453277827386
Austria,2,16.448502687444613,47.69674714807662
Austria,2,16.467461051889714,47.68127721701575
Austria,2,16.477187679344887,47.69054864345226
Austria,2,16.485676053388712,47.6958513546269
Austria,2,16.50106147184525,47.70517290146069
Austria,2,16.51810201400278,47.707356187548946
Austria,2,16.54163753911615,47.712277014998676
Austria,2,16.54002679396885,47.738748452650945
Austria,2,16.547795733649085,47.745728538106
Austria,2,16.548820163347358,47.74974774552795
Austria,2,16.589224722561244,47.75588922035663
Austria,2,16.61066154304542,47.76082318899137
Austria,2,16.63957101397596,47.7549953292488
Austria,2,16.659361324450092,47.743710281985955
Austria,2,16.722725153436862,47.723043321480915
Austria,2,16.840292379024774,47.70500617201917
Austria,2,16.87005550219368,47.721770611674565
Austria,2,16.91377716277623,47.68810823500551
Austria,2,17.094339253969643,47.70866603894511
Austria,2,17.072025648458037,47.750378183060754
Austria,2,17.06506064022476,47.7782487778644
Austria,2,17.052225684879637,47.79441618847591
Austria,2,17.075722719146974,47.80869844579338
Austria,2,17.04817948859898,47.82878440900157
Austria,2,17.052813089014503,47.8383436086035
Austria,2,17.038889057561455,47.868367204684525
Austria,2,17.049975504445133,47.87234794347197
Austria,2,17.086458274992022,47.874880809297096
Austria,2,17.104021106791148,47.910903500982485
Austria,2,17.101854362287366,47.942456748070036
Austria,2,17.095945007307876,47.97131918375417
Austria,2,17.1620685652009,48.007112239863794
Austria,2,17.14359992483607,48.01999178401563
Austria,2,17.128015112029566,48.02138778667788
Austria,2,17.09114432628912,48.02024671142573
Austria,2,17.089074986357847,48.04614086149097
Austria,2,17.08807796487673,48.06582461968444
Austria,2,17.072841129130897,48.081392277599875
Austria,2,17.07584739427831,48.086383214275116
Austria,2,17.094432411006956,48.0918927440334
Austria,2,17.078703458100208,48.10642072718511
Austria,2,17.078357484043046,48.115570834190784
Austria,2,17.06407115064285,48.121954299819656
Austria,2,17.068912849849838,48.1279043851834
Austria,2,17.062707818128164,48.13394162664138
Austria,2,17.039328879266083,48.14034066929505
Austria,2,17.01443246122772,48.153504206099846
Austria,2,16.977721175594276,48.189847542624776
Austria,2,16.958828246961385,48.22698569729652
Austria,2,16.952713512000596,48.257142800601855
Austria,2,16.923201105281926,48.2729743968746
Austria,2,16.907020391847315,48.29458101020659
Austria,2,16.897815297416,48.315405524301
Austria,2,16.909825547992238,48.32669027342477
Austria,2,16.890439819573793,48.33246451600782
Austria,2,16.870713419537473,48.34142287769948
Austria,2,16.86810311029836,48.34838469691485
Austria,2,16.84618209896372,48.350450713425516
Austria,2,16.84043771973511,48.36567860256024
Austria,2,16.838460253710444,48.384409952268484
Austria,2,16.851836411171796,48.39117224385574
Austria,2,16.864903179369986,48.419864845988954
Austria,2,16.853964433955344,48.45167964038203
Austria,2,16.86516298352997,48.45617190037553
Austria,2,16.875117046544762,48.467976135518754
Austria,2,16.8912771621309,48.47687764038773
Austria,2,16.891244392054176,48.492243863974274
Austria,2,16.91263409090568,48.49515205049913
Austria,2,16.91521019401438,48.512475094999935
Austria,2,16.922565203180607,48.52063791294905
Austria,2,16.950198858196945,48.53413320798698
Austria,2,16.949094072499694,48.54831445498788
Austria,2,16.939923120519197,48.56576045426154
Austria,2,16.934900486430422,48.60115570409969
Austria,2,16.936035196801512,48.61975948433638
Austria,2,16.9215152787093,48.62450998386833
Austria,2,16.924211385785735,48.6315953858905
Austria,2,16.929718319945376,48.63942202523839
Austria,2,16.924674984405577,48.65890735003729
Austria,2,16.92006085535518,48.67355667732189
Austria,2,16.9122678849695,48.680585389800875
Austria,2,16.918037760577253,48.70078892142409
Austria,2,16.907507094051464,48.715225130335
Austria,2,16.88757835532956,48.71678484017625
Austria,2,16.84281863167308,48.71204779866404
Austria,2,16.823569223621636,48.7108781505335
Austria,2,16.801636467940344,48.70644986443874
Austria,2,16.791162529434114,48.7143981665712
Austria,2,16.777084754136922,48.71249319687366
Austria,2,16.76104863685349,48.71704268298595
Austria,2,16.754678841413284,48.72118391759827
Austria,2,16.738032864332926,48.729812224271676
Austria,2,16.734082978706567,48.734355596154565
Austria,2,16.730847747428605,48.73607268425287
Austria,2,16.705581573989825,48.73561539578461
Austria,2,16.683873799408527,48.72834309111627
Austria,2,16.682126764628276,48.750606494056626
Austria,2,16.66528468483973,48.77609395792531
Austria,2,16.665031878474387,48.7815694177106
Austria,2,16.64315776368199,48.78644076639596
Austria,2,16.629930766923927,48.78070360524557
Austria,2,16.594863200811105,48.7832304840285
Austria,2,16.56645194167959,48.79412270885154
Austria,2,16.535368156227104,48.81152532793666
Austria,2,16.530294766475745,48.80459943145284
Austria,2,16.517411314393733,48.80321722329179
Austria,2,16.465737295458332,48.81045782923068
Austria,2,16.464079682876985,48.80686931134531
Austria,2,16.449957898970162,48.799946098493756
Austria,2,16.43701921015535,48.778760380172685
Austria,2,16.436255152391976,48.766193609023375
Austria,2,16.420502554900605,48.75974618615397
Austria,2,16.413823592081144,48.75218425299618
Austria,2,16.404824518860227,48.74270850296693
Austria,2,16.39643641036181,48.736918476993466
Austria,2,16.389875964447537,48.736143050183074
Austria,2,16.379241002660077,48.729030989112395
Austria,2,16.361010098753148,48.728629495650296
Austria,2,16.352687825179416,48.73420677610702
Austria,2,16.346794990405826,48.74152666003705
Austria,2,16.33112314746463,48.731810006890186
Austria,2,16.312196691716743,48.73419351237324
Austria,2,16.297864557634927,48.73822984949056
Austria,2,16.26428584619862,48.73757482781092
Austria,2,16.20562938972804,48.74350926065175
Austria,2,16.15446491226986,48.7458196097943
Austria,2,16.140152486123288,48.743320881425
Austria,2,16.108223036493115,48.745936953727686
Austria,2,16.054037065828737,48.76159626825404
Austria,2,15.987738415824893,48.786613543387276
Austria,2,15.950817484721643,48.8058346728545
Austria,2,15.959573176037633,48.82364720392999
Austria,2,15.949104409122901,48.82727010660599
Austria,2,15.941614943875702,48.82009016205042
Austria,2,15.92786720142104,48.827348366884856
Austria,2,15.922959189572461,48.83560926981041
Austria,2,15.894421787709318,48.83522527483613
Austria,2,15.898490556109667,48.83884171012121
Austria,2,15.898837613790898,48.84894808469239
Austria,2,15.885777767094321,48.842600201743146
Austria,2,15.878064502109622,48.860123223196005
Austria,2,15.875750989001734,48.85866695487237
Austria,2,15.85862181909944,48.85830092447513
Austria,2,15.851532190672067,48.86563549611758
Austria,2,15.84413092024711,48.87520133137017
Austria,2,15.838074602087518,48.877413365185745
Austria,2,15.822868558128029,48.873339827789614
Austria,2,15.771927287848818,48.864712584959356
Austria,2,15.715878146793782,48.8602505519574
Austria,2,15.695550930157818,48.85634813587069
Austria,2,15.672710005526076,48.86844856452011
Austria,2,15.637113288631081,48.88770029363053
Austria,2,15.62074731316967,48.896211941833364
Austria,2,15.595949075200274,48.89771233540577
Austria,2,15.514528879980631,48.91473021637164
Austria,2,15.485457633621376,48.94398527917129
Austria,2,15.457026489992801,48.94589878790215
Austria,2,15.436015801454733,48.95054477845415
Austria,2,15.404528507178803,48.96405684073529
Austria,2,15.376652235575,48.97762682346482
Austria,2,15.349508888420072,48.98539784256949
Austria,2,15.322854461537336,48.976750575468614
Austria,2,15.29214555596896,48.98494114872429
Austria,2,15.279991599502342,48.99528385933748
Austria,2,15.28249068132835,48.97998644770136
Austria,2,15.266479222788893,48.96466510212979
Austria,2,15.269514154025996,48.9576494839431
Austria,2,15.24751165946721,48.960135530903784
Austria,2,15.225553480338327,48.96076770244544
Austria,2,15.206410838948434,48.95412055592434
Austria,2,15.17811310451015,48.94831850512458
Austria,2,15.161342076967612,48.942314765250764
Austria,2,15.162830776570011,48.95369642645084
Austria,2,15.170886844632925,48.9628783620699
Austria,2,15.164246865701134,48.97616132630654
Austria,2,15.15218707566445,48.98157539615945
Austria,2,15.15973760327817,48.99054325154546
Austria,2,15.133868026273193,49.0013262698735
Austria,2,15.123017719129427,48.99788254655418
Austria,2,15.103661958074934,48.99447326667831
Austria,2,15.06550456784433,49.00493632287409
Austria,2,15.066518870227245,49.01485558946425
Austria,2,15.029403804519196,49.01618661705137
Austria,2,15.01520235212642,49.01836359848587
Austria,2,14.997001860487604,49.01572404286454
Austria,2,15.001874570495467,49.004356299918165
Austria,2,14.992242765752215,48.989789137515025
Austria,2,14.981530542858609,48.98163578490624
Austria,2,14.979593389721908,48.97509563005604
Austria,2,14.977567120632418,48.95645929340622
Austria,2,14.984421393821767,48.9410091335632
Austria,2,14.980502343350054,48.931931082399586
Austria,2,14.987013458023599,48.92011249268642
Austria,2,14.992627524479614,48.89793695296593
Austria,2,14.984535072891042,48.89158217455764
Austria,2,14.974428542653202,48.853696527694765
Austria,2,14.985522193679946,48.846636292557854
Austria,2,14.972952991433342,48.839933830302975
Austria,2,14.970802285787142,48.824523199742366
Austria,2,14.961571081358498,48.805142984244014
Austria,2,14.954357500142784,48.79628571668675
Austria,2,14.961085148470644,48.78722311634095
Austria,2,14.981204665084816,48.77977320868395
Austria,2,14.980562724946646,48.77287217544885
Austria,2,14.969020657442213,48.76462366896903
Austria,2,14.953318400509017,48.76236137898614
Austria,2,14.941155944771484,48.761909646749075
Austria,2,14.918771638096567,48.77045684113542
Austria,2,14.897413638916317,48.77289835668627
Austria,2,14.885796213486941,48.77250882373488
Austria,2,14.869316491091725,48.78166709355922
Austria,2,14.85979685944994,48.77658794312256
Austria,2,14.849932089578799,48.781018789989986
Austria,2,14.841336768083217,48.78264524028318
Austria,2,14.821248303241086,48.78188361053075
Austria,2,14.80732405539319,48.77233760205879
Austria,2,14.804088934816729,48.753309655513235
Austria,2,14.802753139569502,48.73230044922595
Austria,2,14.79172968976776,48.724271684213015
Austria,2,14.775069910778901,48.712253837244425
Austria,2,14.749286365824187,48.703834704478574
Austria,2,14.728036508499253,48.67932867344721
Austria,2,14.719545157220296,48.64977072402148
Austria,2,14.71510776002083,48.61805180343739
Austria,2,14.712614333057466,48.59473317165474
Austria,2,14.708727166368513,48.587651997840965
Austria,2,14.69254277342281,48.584671345989726
Austria,2,14.683535122080956,48.58327316915776
Austria,2,14.646692416797311,48.61066097165303
Austria,2,14.623656994986295,48.609511154642114
Austria,2,14.61147472940466,48.628712938574004
Austria,2,14.600033552436612,48.625944399855
Austria,2,14.581890067441647,48.61750741517653
Austria,2,14.56953338702339,48.611293464582246
Austria,2,14.563049128964135,48.603935815522966
Austria,2,14.552274563975597,48.61183675672642
Austria,2,14.52740559989018,48.61534986698866
Austria,2,14.504274304568405,48.61797679780512
Austria,2,14.49398397811698,48.633534385239486
Austria,2,14.476459489073733,48.642224389117786
Austria,2,14.470853226258571,48.64910943888971
Austria,2,14.454237074107544,48.64533576157807
Austria,2,14.453479286829003,48.632543766264085
Austria,2,14.448281502651223,48.620421053661
Austria,2,14.4364501981475,48.59865483857509
Austria,2,14.420981573017794,48.59189136874742
Austria,2,14.404884476692585,48.59395834729132
Austria,2,14.387209635693797,48.59328459257724
Austria,2,14.392007507326726,48.57972638963726
Austria,2,14.380643930888501,48.569873183367335
Austria,2,14.366808481925109,48.576450504810246
Austria,2,14.354080917543264,48.56308167123245
Austria,2,14.343648696058379,48.555421041175315
Austria,2,14.328067850913397,48.554682150808596
Austria,2,14.316264397306503,48.56398157685759
Austria,2,14.296551610994033,48.56867956356415
Austria,2,14.256798894038646,48.5822112834266
Austria,2,14.241509358519348,48.57826561086381
Austria,2,14.20895393221971,48.588766507083534
Austria,2,14.195326594811647,48.593346709576906
Austria,2,14.178423533946788,48.591724056120654
Austria,2,14.158990493484534,48.59295292305816
Austria,2,14.131123218191682,48.59838014212087
Austria,2,14.120104075994162,48.591216057391925
Austria,2,14.096505118231583,48.59286028915243
Austria,2,14.073171426629123,48.60049915070438
Austria,2,14.070347018455944,48.605133752489536
Austria,2,14.05516278858205,48.60475676867518
Austria,2,14.043073128323822,48.61349206658496
Austria,2,14.046598356124852,48.61968611777914
Austria,2,14.043371009685368,48.629615957053545
Austria,2,14.023895386408284,48.6313410992998
Austria,2,14.011482245322345,48.64028370723085
Austria,2,14.041551521966316,48.65537831372591
Austria,2,14.06098452977447,48.6645967452067
Austria,2,14.03980074857243,48.67674626911042
Austria,2,14.034418384378228,48.68034026593011
Austria,2,14.026298340498487,48.68972260541665
Austria,2,14.015971318297629,48.698364238686246
Austria,2,14.014284757718181,48.69906330858415
Austria,2,14.006267156712921,48.70671592644034
Austria,2,13.979170777591152,48.71040466210527
Austria,2,13.954608448710921,48.721372990969215
Austria,2,13.940072053853267,48.723874389349845
Austria,2,13.926644410580732,48.73627577551933
Austria,2,13.896383493876884,48.757727602712706
Austria,2,13.862782624940953,48.77018622475299
Austria,2,13.844134901719498,48.77321771076198
Austria,2,13.83703986264689,48.76339203551333
Austria,2,13.822365776691232,48.745413364205056
Austria,2,13.811298990280987,48.729590252261055
Austria,2,13.80277066817625,48.71794283808217
Austria,2,13.812304749588806,48.709335652110916
Austria,2,13.814872411221414,48.70158412323858
Austria,2,13.826323052932358,48.70128036937975
Austria,2,13.817992840981487,48.69548375701252
Austria,2,13.817561738934291,48.681965097751096
Austria,2,13.824841379858372,48.64277126053722
Austria,2,13.82632024241087,48.63133635795158
Austria,2,13.826684255116769,48.61921053253533
Austria,2,13.820465880157991,48.61393738958476
Austria,2,13.815781038842633,48.61026979092691
Austria,2,13.808263990734442,48.605606061793104
Austria,2,13.802407001815544,48.59322289991121
Austria,2,13.808174412845576,48.58506822473942
Austria,2,13.789412685185019,48.56915302794424
Austria,2,13.770887519015302,48.554195723768586
Austria,2,13.754943189667634,48.564198796830595
Austria,2,13.750185165123852,48.55464020257537
Austria,2,13.755740414170866,48.551788988478776
Austria,2,13.749226158532185,48.54023025198758
Austria,2,13.734187822438068,48.52592950281523
Austria,2,13.73310754420511,48.51721825790413
Austria,2,13.707453180192227,48.51796139662482
Austria,2,13.665539897940437,48.534554425724906
Austria,2,13.642721122149075,48.553004676403496
Austria,2,13.59549377381095,48.5705728430071
Austria,2,13.570407380572952,48.56193037712441
Austria,2,13.518055114899958,48.59123523570296
Austria,2,13.502486813179521,48.58153496984606
Austria,2,13.496768498683831,48.57004792674681
Austria,2,13.489642342695719,48.563439884734755
Austria,2,13.479775403956587,48.56531050961033
Austria,2,13.476214719251267,48.556702232847016
Austria,2,13.45654743132631,48.56132444020413
Austria,2,13.439750488572841,48.54872594425278
Austria,2,13.445843851892082,48.529742555833536
Austria,2,13.448904585587695,48.4972150778092
Austria,2,13.428785363946034,48.45238990761014
Austria,2,13.422539797378946,48.40482749384986
Austria,2,13.367828010264036,48.35340288712516
Austria,2,13.257386953488924,48.29425245147186
Austria,2,13.18010635121846,48.29539541499839
Austria,2,13.090591683067851,48.27896112373751
Austria,2,13.02300904191589,48.258638223066704
Austria,2,12.966257700321044,48.21454149486249
Austria,2,12.91774908462861,48.20706318032096
Austria,2,12.861239403959733,48.185709524406015
Austria,2,12.836689500646392,48.16588207037687
Austria,2,12.812182150466976,48.15209771674606
Austria,2,12.78718149695501,48.1240364324458
Austria,2,12.76909463004937,48.12934830916491
Austria,2,12.759483654368754,48.11956854505905
Austria,2,12.753676468109724,48.08744399521342
Austria,2,12.839384423006285,48.02573514089933
Austria,2,12.869254751669478,47.971602261548114
Austria,2,12.91078350847431,47.95795301045648
Austria,2,12.920045349936737,47.942850336551736
Austria,2,12.936486959440332,47.94452413364193
Austria,2,12.946608222138014,47.923345052052625
Austria,2,13.002108046655588,47.85496420924306
Austria,2,12.985385477429519,47.828831948494845
Austria,2,12.940249852460004,47.78553044330978
Austria,2,12.929429655842958,47.770141455817615
Austria,2,12.942939933196735,47.771542396885636
Austria,2,12.935829025202068,47.75849072790676
Austria,2,12.935903418933723,47.74788065371179
Austria,2,12.921997562008414,47.7447261269038
Austria,2,12.911355834711362,47.7320910276579
Austria,2,12.91188155165675,47.72072153968338
Austria,2,12.925598622440406,47.71085291875609
Austria,2,12.947157410973427,47.71272641788514
Austria,2,12.974507561872255,47.70770455699304
Austria,2,13.00264230379645,47.71381973540692
Austria,2,13.009368895964005,47.722932023692536
Austria,2,13.034194807597371,47.71703696102951
Austria,2,13.06991347517827,47.692483407424
Austria,2,13.07759983822539,47.67338511530344
Austria,2,13.085155595997824,47.66102080891095
Austria,2,13.097739237035414,47.64125358894322
Austria,2,13.081314149103912,47.619499082933274
Austria,2,13.070199453993833,47.60535568504451
Austria,2,13.069013494020478,47.59260901755528
Austria,2,13.044356725799993,47.583899290738536
Austria,2,13.043362982001106,47.574253312016765
Austria,2,13.056408732709325,47.557871753350184
Austria,2,13.037885777286379,47.54338040699688
Austria,2,13.031637410926768,47.53309578476681
Austria,2,13.047995883056753,47.522027401798034
Austria,2,13.047400341086487,47.51529630548776
Austria,2,13.046671580955744,47.495191145858
Austria,2,13.036948198116125,47.48966067148836
Austria,2,13.022652819116876,47.47812201365592
Austria,2,13.004363656312202,47.463922447784775
Austria,2,12.994089414651794,47.47223722871587
Austria,2,12.98627695540736,47.4820024124325
Austria,2,12.97592323589737,47.48559567474446
Austria,2,12.966543728367682,47.47535753716775
Austria,2,12.885944592449073,47.51902888605066
Austria,2,12.863963485819848,47.52858789290481
Austria,2,12.848345057613441,47.54653020400396
Austria,2,12.823198300062941,47.546424179006216
Austria,2,12.794975539947552,47.55755877760034
Austria,2,12.779807635445037,47.57966146880631
Austria,2,12.791959172732216,47.598412072769136
Austria,2,12.800070624971758,47.60575614427355
Austria,2,12.81394604998696,47.61252459400968
Austria,2,12.811643419338726,47.62182727160193
Austria,2,12.790371956405393,47.633771189822
Austria,2,12.7613288065012,47.655504853473566
Austria,2,12.778706023510864,47.66341687304517
Austria,2,12.772738685090676,47.66618669011854
Austria,2,12.75537301943222,47.66867936989381
Austria,2,12.732915184552523,47.68021872008011
Austria,2,12.701408433295157,47.680236085222575
Austria,2,12.678846513234419,47.68300887297849
Austria,2,12.657902977541886,47.676619364793126
Austria,2,12.646266448020993,47.674114697305804
Austria,2,12.617524698468946,47.673003803598476
Austria,2,12.602727607014772,47.66923024468929
Austria,2,12.578653616922013,47.634775205652666
Austria,2,12.512905904584573,47.62586785132533
Austria,2,12.491980147459321,47.637460685411014
Austria,2,12.453374143451766,47.668460734205304
Austria,2,12.441385520755334,47.67445738051003
Austria,2,12.440161302789688,47.68030139735078
Austria,2,12.43326240479621,47.69499438446184
Austria,2,12.381345442379937,47.68701743642155
Austria,2,12.353087334758758,47.6912679253526
Austria,2,12.335674730787437,47.69327165574093
Austria,2,12.285324539644598,47.690721164659585
Austria,2,12.255848987654225,47.68002608053025
Austria,2,12.241858753535881,47.694953944008525
Austria,2,12.265584277974716,47.73309723958235
Austria,2,12.250306921801764,47.74213561350229
Austria,2,12.206561980085324,47.71110216430141
Austria,2,12.187041708773998,47.7042387636013
Austria,2,12.169131291926831,47.680868665971595
Austria,2,12.199698197706624,47.641394791270116
Austria,2,12.207220508100624,47.60931025322602
Austria,2,12.178726359938487,47.60145519370859
Austria,2,12.164147278296825,47.61400494290569
Austria,2,12.115790016975664,47.612017508306806
Austria,2,12.071408964832553,47.61523655086243
Austria,2,12.05179516517437,47.615451675574235
Austria,2,12.029158744831475,47.6118303532387
Austria,2,12.013323047024242,47.62377412208471
Austria,2,11.98146160132243,47.61943848060902
Austria,2,11.968721690346564,47.61781317777785
Austria,2,11.902772392648409,47.60880867587703
Austria,2,11.855495270753462,47.60293279030347
Austria,2,11.829980165966672,47.58269670887044
Austria,2,11.790089477082532,47.588266450412576
Austria,2,11.70068700751631,47.58954289948923
Austria,2,11.660816916127038,47.58438203861949
Austria,2,11.641827641433984,47.59398339254373
Austria,2,11.631536486824588,47.58718115790768
Austria,2,11.63096809993549,47.580839170728765
Austria,2,11.613514018800094,47.58041555760236
Austria,2,11.60043294749297,47.56707813636703
Austria,2,11.59015077987029,47.552332381298896
Austria,2,11.57781017780897,47.520801247600716
Austria,2,11.552272027225646,47.513955890144295
Austria,2,11.51301898435877,47.50693271613741
Austria,2,11.489897802925709,47.50766675664473
Austria,2,11.449805081610192,47.507806435617525
Austria,2,11.433618112665313,47.5144422778889
Austria,2,11.417096077931287,47.50286242350507
Austria,2,11.395451839693466,47.48278010701825
Austria,2,11.39157120937461,47.46727254263704
Austria,2,11.411050953164512,47.46322075325299
Austria,2,11.415851184157093,47.44759035479809
Austria,2,11.402462289518821,47.44863403178287
Austria,2,11.377402134232542,47.449741800409626
Austria,2,11.357926130234972,47.44932329756928
Austria,2,11.338985088658312,47.450468970738655
Austria,2,11.330101740936291,47.43867069190522
Austria,2,11.314649583738982,47.43146190906587
Austria,2,11.29145859643099,47.427629591680166
Austria,2,11.29050103927457,47.407830786081846
Austria,2,11.263308733451145,47.39992174633307
Austria,2,11.225397869950765,47.395819943173585
Austria,2,11.231130384535648,47.40621184052264
Austria,2,11.240789232662934,47.42011982183591
Austria,2,11.222148464336405,47.43202849671604
Austria,2,11.198308800896445,47.428076851858144
Austria,2,11.158428965947587,47.42217201397751
Austria,2,11.122974519434548,47.406906476616534
Austria,2,11.104441242728264,47.39618345174964
Austria,2,11.062016250013288,47.39713778338269
Austria,2,11.049002563654708,47.394484094718834
Austria,2,11.028887661156775,47.39395194008641
Austria,2,10.997104261420883,47.39530171466669
Austria,2,10.97998127530986,47.39754044383482
Austria,2,10.971528548988749,47.40902003046364
Austria,2,10.980879483341466,47.41892172905025
Austria,2,10.95858565058848,47.45212924962037
Austria,2,10.938890086982825,47.48055957266132
Austria,2,10.925780098180848,47.48312870428648
Austria,2,10.874899934125883,47.480973473082706
Austria,2,10.872202177212841,47.493394941887885
Austria,2,10.891227576547195,47.50818193552629
Austria,2,10.918985975917646,47.51791832893074
Austria,2,10.89313020906583,47.53089025534197
Austria,2,10.862526162298842,47.53459178368061
Austria,2,10.840388370036136,47.528341606316374
Austria,2,10.813544321075039,47.52702382799526
Austria,2,10.795813590928956,47.5217889804569
Austria,2,10.777903987800821,47.5145148082436
Austria,2,10.763940724631555,47.52040321075404
Austria,2,10.764354746375766,47.52887871101516
Austria,2,10.751404017885205,47.5378894427409
Austria,2,10.709364445707795,47.54431597663107
Austria,2,10.692793453064695,47.55661030217078
Austria,2,10.676951390760811,47.55960392126747
Austria,2,10.626470072119695,47.56356057159104
Austria,2,10.598325335449319,47.57034681908135
Austria,2,10.580693075503563,47.55626061978225
Austria,2,10.582171006501781,47.548569490873156
Austria,2,10.564337076911887,47.53472493948983
Austria,2,10.524892889021734,47.53577098814369
Austria,2,10.46084921808757,47.55323066244348
Austria,2,10.454786786565226,47.55640583665215
